name,val_auroc,val_auprc,test_auroc,test_auprc,test_f1,test_brier
LogisticRegression (concat embeddings),0.8501689664883132,0.6021685182176431,0.8567941126231282,0.7107300293393595,0.6473594548551959,0.09050045321234268
RandomForest (concat embeddings),0.9306251760067586,0.8204260147194997,0.9468200193588794,0.8676495850745471,0.8237623762376237,0.04479322501002082
XGBoost (concat embeddings),0.9164460715291467,0.8134617648056408,0.9351145400368197,0.8549912407855836,0.8188679245283018,0.04706457028308176
